#SampleID,forwardBarcodeSequence,reverseBarcodeSequence,internal_sample_id,Primer,Who,ID-name,site-description,location(m),replicate,NEWid,site-code,SampleName,Temp,SpCond,Sal,TDS,pH,ORP,TDG,LDOp,LDO,Na,K,Mg,Ca,Fe,SO4,SiO2,Mn,Cu,Zn,Al,As,Be,Cd,Cr,Co,Ni,Pb,Se,Th,Tl,U,Ba,Sb,FeII,Fetotal,NO3,NNO3,NH4+,NNH4,Nt,PO43,PPO43,TOC,Density,LipidAnalysisID,Total betaine lipids,Total Ornithines,Total PE lipids,Total MMPE lipids,Total DMPE lipids,Total PC lipids (diester),Total PC lipid (diether),Total ceramide PEs,Total ceramide MMPEs,Total MGDG,Total DGDG,Total SQDG,Total GDGTs
30,CTCAGCGC,CTCAGCGC,2018_03899,515F - 806Rd,Iame_Alves_Guedes,FC 1 101017 D/L,Filon Centro pit lake,1,1,site-4-depth-1_repl-1,FC,FC01r1,22.3,4829,2.82,,2.31,660,,9.65,9.65,31.6,0.76,220,166,824,3704,137,37.7,17.6,30,166,286,8.66,71.7,40.3,1367,766,121,23,4.09,1.2,6.79,1.72,3.59,2.7,798,,,,,,,,,,Filon Centro FC1,2.06E+08,5.51E+06,5.15E+07,0.00E+00,6.04E+07,1.86E+08,0.00E+00,0.00E+00,0.00E+00,1.13E+06,1.44E+07,4.04E+07,0.00E+00
62,TGACTCAA,TGACTCAA,2018_03931,515F - 806Rd,Iame_Alves_Guedes,FC 1 101017 D/L replica 2,Filon Centro pit lake,1,2,site-4-depth-1_repl-2,FC,FC01r2,22.3,4829,2.82,,2.31,660,,9.65,9.65,31.6,0.76,220,166,824,3704,137,37.7,17.6,30,166,286,8.66,71.7,40.3,1367,766,121,23,4.09,1.2,6.79,1.72,3.59,2.7,798,,,,,,,,,,,,,,,,,,,,,,,
63,TGATCTCA,TGATCTCA,2018_03932,515F - 806Rd,Iame_Alves_Guedes,FC 1 101017 D/L replica 3,Filon Centro pit lake,1,3,site-4-depth-1_repl-3,FC,FC01r3,22.3,4829,2.82,,2.31,660,,9.65,9.65,31.6,0.76,220,166,824,3704,137,37.7,17.6,30,166,286,8.66,71.7,40.3,1367,766,121,23,4.09,1.2,6.79,1.72,3.59,2.7,798,,,,,,,,,,,,,,,,,,,,,,,
29,CTAGGAGA,CTAGGAGA,2018_03898,515F - 806Rd,Iame_Alves_Guedes,FC 15 101017 D/L,Filon Centro pit lake,15,1,site-4-depth-15_repl-1,FC,FC15r1,11.8,5165,2.82,3360,2.35,493,,0.4,0.4,28.4,0.34,219,164,994,3543,133,38.6,16.1,33,191,145,8.43,89.2,43.2,1422,747,107,19.2,2.79,2.16,6.02,1.86,3.72,698,940,,,,,,,,,,Filon Centro FC15,7.41E+07,5.15E+07,1.50E+08,9.80E+07,9.30E+07,1.24E+08,0.00E+00,0.00E+00,0.00E+00,7.59E+05,3.51E+06,1.34E+07,7.91E+07
60,TCGATATT,TCGATATT,2018_03929,515F - 806Rd,Iame_Alves_Guedes,FC 15 101017 D/L replica 2,Filon Centro pit lake,15,2,site-4-depth-15_repl-2,FC,FC15r2,11.8,5165,2.82,3360,2.35,493,,0.4,0.4,28.4,0.34,219,164,994,3543,133,38.6,16.1,33,191,145,8.43,89.2,43.2,1422,747,107,19.2,2.79,2.16,6.02,1.86,3.72,698,940,,,,,,,,,,,,,,,,,,,,,,,
61,TCTATTCG,TCTATTCG,2018_03930,515F - 806Rd,Iame_Alves_Guedes,FC 15 101017 D/L replica 3,Filon Centro pit lake,15,3,site-4-depth-15_repl-3,FC,FC15r3,11.8,5165,2.82,3360,2.35,493,,0.4,0.4,28.4,0.34,219,164,994,3543,133,38.6,16.1,33,191,145,8.43,89.2,43.2,1422,747,107,19.2,2.79,2.16,6.02,1.86,3.72,698,940,,,,,,,,,,,,,,,,,,,,,,,
27,CGCAAGCT,CGCAAGCT,2018_03896,515F - 806Rd,Iame_Alves_Guedes,FC30 101017 D/L,Filon Centro pit lake,30,1,site-4-depth-30_repl-1,FC,FC30r1,14,7800,4.61,5063,,200,,0,0,19.2,5.81,295,150,4023,6943,88.8,82.2,127,106,157,394,11.3,843,34,3583,1824,194,13.7,"< 0,5",20.7,5.75,16.2,3.57,3380,3470,,,,,,,,,,Filon Centro FC30,5.58E+07,2.45E+07,8.70E+07,5.10E+07,8.37E+07,1.45E+08,0.00E+00,0.00E+00,0.00E+00,0.00E+00,3.27E+06,1.20E+07,3.73E+08
64,TGCCTGCG,TGCCTGCG,2018_03933,515F - 806Rd,Iame_Alves_Guedes,FC30 101017 D/L replica 2,Filon Centro pit lake,30,2,site-4-depth-30_repl-2,FC,FC30r2,14,7800,4.61,5063,,200,,0,0,19.2,5.81,295,150,4023,6943,88.8,82.2,127,106,157,394,11.3,843,34,3583,1824,194,13.7,"< 0,5",20.7,5.75,16.2,3.57,3380,3470,,,,,,,,,,,,,,,,,,,,,,,
28,CGGAAGAG,CGGAAGAG,2018_03897,515F - 806Rd,Iame_Alves_Guedes,FC45 101017D/L,Filon Centro pit lake,45,1,site-4-depth-45_repl-1,FC,FC45r1,15.89,12788,7.35,8.2,4.32,44,1020,0,0,19.6,17.5,435,202,7564,12339,30.8,126,0.17,151,28.3,623,3.96,5.87,3.09,5428,1859,48.7,7.82,"< 0,5",3.89,2.8,24.3,0.3,5617,5975,,,,,,,,,,Filon Centro FC45,1.04E+08,2.56E+07,5.40E+07,3.89E+07,5.98E+07,1.17E+08,2.29E+08,5.47E+07,9.66E+06,4.52E+06,8.90E+06,3.02E+07,2.45E+08
54,TATTGCGC,TATTGCGC,2018_03923,515F - 806Rd,Iame_Alves_Guedes,FC45 101017D/L replica 2,Filon Centro pit lake,45,2,site-4-depth-45_repl-2,FC,FC45r2,15.89,12788,7.35,8.2,4.32,44,1020,0,0,19.6,17.5,435,202,7564,12339,30.8,126,0.17,151,28.3,623,3.96,5.87,3.09,5428,1859,48.7,7.82,"< 0,5",3.89,2.8,24.3,0.3,5617,5975,,,,,,,,,,,,,,,,,,,,,,,
55,TCAGCGAG,TCAGCGAG,2018_03924,515F - 806Rd,Iame_Alves_Guedes,FC45 101017D/L replica 3,Filon Centro pit lake,45,3,site-4-depth-45_repl-3,FC,FC45r3,15.89,12788,7.35,8.2,4.32,44,1020,0,0,19.6,17.5,435,202,7564,12339,30.8,126,0.17,151,28.3,623,3.96,5.87,3.09,5428,1859,48.7,7.82,"< 0,5",3.89,2.8,24.3,0.3,5617,5975,,,,,,,,,,Filon Centro FC45 2,1.03E+08,2.17E+07,4.40E+07,3.49E+07,5.34E+07,1.10E+08,1.79E+08,5.14E+07,8.47E+06,4.30E+06,8.75E+06,3.19E+07,2.32E+08
25,CCGTACTA,CCGTACTA,2018_03894,515F - 806Rd,Iame_Alves_Guedes,ZPO 121117 D/L BOTTLE 2,Zarza Perrunal pit lake,0,1,site-2-depth-0_repl-1,ZP,LZ00r1,21,11120,,,2.62,682,,130,,37,0.6,756,552,3901,14712,150,317,184,182,876,5688,37,355,156,4126,3994,408,167,40,12,118,,,,,,,,,,,,,,,,,,,,,,,,,,,
48,GGAGTATG,GGAGTATG,2018_03917,515F - 806Rd,Iame_Alves_Guedes,ZP0 121117 D/L replica 2,Zarza Perrunal pit lake,0,2,site-2-depth-0_repl-2,ZP,LZ00r2,21,11120,,,2.62,682,,130,,37,0.6,756,552,3901,14712,150,317,184,182,876,5688,37,355,156,4126,3994,408,167,40,12,118,,,,,,,,,,,,,,,,,,,,,,,,,,,
49,GGTACCAA,GGTACCAA,2018_03918,515F - 806Rd,Iame_Alves_Guedes,ZP0 121117 D/L replica 3,Zarza Perrunal pit lake,0,3,site-2-depth-0_repl-3,ZP,LZ00r3,21,11120,,,2.62,682,,130,,37,0.6,756,552,3901,14712,150,317,184,182,876,5688,37,355,156,4126,3994,408,167,40,12,118,,,,,,,,,,,,,,,,,,,,,,,,,,,
35,CTTGGCCT,CTTGGCCT,2018_03904,515F - 806Rd,Iame_Alves_Guedes,ZP30 12117 D/L,Zarza Perrunal pit lake,30,1,site-2-depth-30_repl-1,ZP,LZ30r1,23,21563,,,3.15,324,,0,,38.9,8.5,1190,453,10072,29108,136,489,76.8,523,1870,9878,59,1086,329,7295,6877,465,187,5,136,195,,,,,,,,,,,,,,,,,,,,,,,,,,,
52,GTTAAGTT,GTTAAGTT,2018_03921,515F - 806Rd,Iame_Alves_Guedes,ZP30 12117 D/L replica 2,Zarza Perrunal pit lake,30,2,site-2-depth-30_repl-2,ZP,LZ30r2,23,21563,,,3.15,324,,0,,38.9,8.5,1190,453,10072,29108,136,489,76.8,523,1870,9878,59,1086,329,7295,6877,465,187,5,136,195,,,,,,,,,,,,,,,,,,,,,,,,,,,
53,GTTCTACG,GTTCTACG,2018_03922,515F - 806Rd,Iame_Alves_Guedes,ZP30 12117 D/L replica 3,Zarza Perrunal pit lake,30,3,site-2-depth-30_repl-3,ZP,LZ30r3,23,21563,,,3.15,324,,0,,38.9,8.5,1190,453,10072,29108,136,489,76.8,523,1870,9878,59,1086,329,7295,6877,465,187,5,136,195,,,,,,,,,,,,,,,,,,,,,,,,,,,
26,CCGTCTGC,CCGTCTGC,2018_03895,515F - 806Rd,Iame_Alves_Guedes,ZP70 121117 D/L,Zarza Perrunal pit lake,70,1,site-2-depth-70_repl-1,ZP,LZ70r1,25.7,25500,,,3.45,265,,0,,50.1,16,1536,510,14334,37044,122,647,23.2,624,2178,16529,83,1268,290,11081,10394,389,254,5,253,204,,,,,,,,,,,,,,,,,,,,,,,,,,,
50,GGTAGAAT,GGTAGAAT,2018_03919,515F - 806Rd,Iame_Alves_Guedes,ZP70 121117 D/L replica 2,Zarza Perrunal pit lake,70,2,site-2-depth-70_repl-2,ZP,LZ70r2,25.7,25500,,,3.45,265,,0,,50.1,16,1536,510,14334,37044,122,647,23.2,624,2178,16529,83,1268,290,11081,10394,389,254,5,253,204,,,,,,,,,,,,,,,,,,,,,,,,,,,
51,GTCCGCAA,GTCCGCAA,2018_03920,515F - 806Rd,Iame_Alves_Guedes,ZP70 121117 D/L replica 3,Zarza Perrunal pit lake,70,3,site-2-depth-70_repl-3,ZP,LZ70r3,25.7,25500,,,3.45,265,,0,,50.1,16,1536,510,14334,37044,122,647,23.2,624,2178,16529,83,1268,290,11081,10394,389,254,5,253,204,,,,,,,,,,,,,,,,,,,,,,,,,,,